NamePL,NameEN,DescPL,DescEN,Source,Level
Alchemia,Alchemy,"Możesz nasycać magią miksturę, maść lub przedmiot. Zaczynasz z trzema formułami alchemicznymi.","You can imbue magic within a potion, salve, or item. You start with three alchemical formulas.",AWoD,1
Zamożność,Affluent,"Gdy sakiewka świeci pustką, możesz próbować kupować na kredyt, obiecując zapłatę później.","When your purse is empty, you can attempt to make purchases with the promise of paying the money back at a later date.",AWoD,1
Urok,Allure,"Gdy kogoś uwodzisz, możesz skłonić go do wyjawienia intymnych sekretów wbrew lepszemu osądowi. Możesz też przyciągnąć czyjąś uwagę samym spojrzeniem.","When you seduce someone, you can make them reveal intimate secrets about themselves despite their better judgment. You can also attract someone's attention with only a glance.",AWoD,1
Wycena,Appraise,Po obejrzeniu dzieła sztuki lub towaru potrafisz określić jego przybliżoną wartość.,You can tell the approximate value of artwork and trade goods once you've inspected them.,AWoD,1
Cios w Plecy,Backstab,"Dodaj +3 obrażenia do ataków wręcz, jeśli cel nie jest świadomy twojej obecności.",Add +3 damage to melee attacks when the target is unaware of your presence.,AWoD,1
Targowanie,Bargain,Raz dziennie możesz obniżyć cenę zakupu o połowę dzięki znajomościom wśród kupców i gildii.,"Once per day, you can halve the price of a purchase thanks to the different tradesmen you know, or the guilds you have contacts with.",AWoD,1
Szał,Berserk,"Gdy przeciwnicy mają nad tobą przewagę liczebną, zadajesz +1 obrażenie i zyskujesz +1 Pancerza, ale w napiętych sytuacjach musisz powstrzymywać się przed natychmiastowym sięganiem po przemoc.","When you are outnumbered, add +1 to the damage you inflict and +1 armor, but you must make an effort to not immediately resort to violence in heated situations.",AWoD,1
Błogosławieństwo,Bless,"Za pomocą wody święconej możesz namaścić przedmiot, czyniąc go na krótko świętym i magicznym: zadaje +3 obrażenia przeciw Złu.","With holy water, you can anoint items so they are considered holy and magical — +3 damage vs. Evil — for a short time.",AWoD,1
Krzepa,Brawny,+1 do obrażeń bronią wręcz i miotaną; raz na atak możesz przerzucić obrażenia.,"+1 melee and thrown weapons damage, can re-roll damage once per attack.",AWoD,1
Okryty Cieniem,Cloaked,"Gdy kryje cię mrok, zyskujesz +1 Pancerza.","When you are under the cover of darkness, you get +1 armor.",AWoD,1
Koneksje,Connected,"Możesz próbować uzyskać przysługi od możnych: pożyczkę, zaproszenie na przyjęcie albo wprowadzenie do ważnych osób.","You can attempt to obtain favors from nobles, whether getting a loan, an invitation to a party, or introductions to other important people.",AWoD,1
Gibkość,Contort,Potrafisz uwolnić się z więzów i przecisnąć przez ciasne szczeliny.,You are able to escape from bonds or squeeze into small or tight places.,AWoD,1
Kieszonkowiec,Cutpurse,"Gdy kradniesz z kieszeni lub ukrywasz coś przy sobie, możesz robić to szybko, nawet w biegu.","When you pick pockets or conceal things on your person, you can do so quickly while running.",AWoD,1
Uzdrowienie,Cure,"Możesz neutralizować trucizny, zdejmować klątwy i leczyć rany bez dotyku.","You can neutralize poisons, remove curses and heal wounds without a touch.",AWoD,1
Potępienie,Damnation,Możesz próbować zsyłać na innych klątwy lub dolegliwości poprzez kontakt wzrokowy albo fetysz.,"You can attempt to inflict curses or ailments upon others, either with eye contact or through a fetish.",AWoD,1
Brawura,Daring,Raz dziennie możesz zignorować obrażenia lub skutki zagrożenia środowiskowego.,"Once per day, you can ignore the damage or effects of an environmental hazard.",AWoD,1
Dyplomata,Diplomat,"Możesz negocjować, targować się i pertraktować nawet z najbardziej nieznośnymi rozmówcami, o ile są dość inteligentni, by cię zrozumieć.","You can enter negotiations, bargain, or parley, even with the most disagreeable of people, as long as they are intelligent enough to understand you.",AWoD,1
Przebranie,Disguise,"Używając kostiumów i makijażu, możesz przekonująco podszywać się pod innych albo uczynić własną tożsamość nierozpoznawalną.","When you use costumes and makeup, you can attempt to convincingly imitate other people, or ensure your own identity is unrecognizable.",AWoD,1
Wróżbiarstwo,Divination,"Wpatrując się w kryształ lub misę z wodą święconą, możesz próbować ujrzeć wydarzenia odległe, minione albo przyszłe.","When you gaze into a crystal or a bowl of holy water, you can attempt to see events either far away, in the past, or in the future.",AWoD,1
Szermierz,Duelist,Traktujesz każdą broń jednoręczną jak Lekką.,You treat any one-handed weapon as Light.,AWoD,1
Inżynier,Engineer,"Mając umiejętność Rzemiosło, możesz tworzyć i naprawiać urządzenia mechaniczne oraz broń palną.","With the Crafting skill, you can create and repair mechanical devices and firearms.",AWoD,1
Ekspert,Expert,Raz dziennie możesz zamienić Pudło w Częściowy sukces.,"Once per day, you can turn a Miss into a Partial Success.",AWoD,1
Chowaniec,Familiar,"Masz magicznie związanego ze sobą zwierzęcego towarzysza, takiego jak kruk, szczur, kot, wąż albo pająk. Możesz widzieć jego oczami i słyszeć jego uszami.","You have an animal companion, such as a crow, rat, cat, snake or spider, magically bonded to you. You can see through its eyes, and hear what it hears.",AWoD,1
Magia Kontaktowa,Full-contact magic,"Możesz przekazywać zaklęcia przez pięści w walce wręcz. Jeśli trafisz, możesz posłać w przeciwnika jedno zaklęcie Czarnoksięstwa. Sam pozostajesz bez szwanku, nawet jeśli zaklęcie obejmuje obszar wokół ciebie.","You can channel spells through your fists in melee. If you hit successfully, you can send one Wizardry spell through your fists into your opponent. You remain unharmed, even if that spell affects an area around you.",AWoD,1
Gadżeciarstwo,Gadgetry,"Każdy problem próbujesz rozwiązać skonstruowanym przez siebie gadżetem. Za każdym razem, gdy podejmujesz ryzykowne działanie, rzucasz +INT. Pudło oznacza, że gadżet nie działa tak, jak powinien (wedle uznania MG). Na 3. poziomie projektujesz urządzenie, które trzy razy dziennie odtwarza jedno zaklęcie Czarodziejstwa. Na 6. i 9. poziomie otrzymujesz po jednym dodatkowym urządzeniu odtwarzającym inne zaklęcie Czarodziejstwa.","You try to solve any problem with gadgets you build. Anytime you attempt something risky, you roll +INT. A Miss means the gadget does not what it should (GM's discretion). At Level 3, you design a device that replicates a Sorcery spell three times a day. At Levels 6 and 9, you each get one additional device that replicates another Sorcery spell.",AWoD,1
Ucieczka,Getaway,"Raz dziennie możesz automatycznie uciec z danego miejsca, biegnąc, robiąc uniki i kryjąc się przed pościgiem.","Once per day, you can automatically flee a location — sprinting, dodging, and ducking to avoid pursuit.",AWoD,1
Osłona,Guarded,Raz dziennie możesz przekierować dowolny atak wymierzony w ciebie na jednego ze swoich najemników.,"Once per day, you can redirect any attack against you to one of your Hirelings.",AWoD,1
Zahartowany,Hardy,Dodaj +6 do swoich punktów życia.,Add +6 to your hit points.,AWoD,1
Ciężkie Dłonie i Stopy,Heavy Hands/Feet,"Zadajesz 1k6 obrażeń bez broni. Na 3., 5., 7. i 9. poziomie zyskujesz dodatkowo +1 obrażenie.","You do 1d6 unarmed damage. On levels 3, 5, 7 and 9, you get an additional +1 damage.",AWoD,1
Łowca,Hunter,"Dodaj +3 obrażenia do ataków dystansowych, jeśli cel nie jest świadomy twojej obecności.",Add +3 damage to ranged attacks when the target is unaware of your presence.,AWoD,1
Iluzje,Illusions,"Możesz tworzyć iluzje, by ktoś zobaczył coś, czego nie ma, albo zahipnotyzować go tak, by uwierzył w coś nieprawdziwego.","You can create illusions to make someone see something that isn't there, or mesmerize them so they believe something that isn't true.",AWoD,1
Natchnienie,Inspire,"Możesz próbować wpływać na opinię publiczną swoją pieśnią, opowieściami lub retoryką.","You can attempt to sway public opinion with your song, stories, or rhetoric.",AWoD,1
Instynkt,Instinct,"Możesz przerzucić test ZRĘ, gdy reagujesz na niebezpieczną sytuację.",You can re-roll DEX when reacting to dangerous situations.,AWoD,1
Lingwista,Linguist,Potrafisz mówić i czytać we wszystkich cywilizowanych językach.,You can speak and read all civilized languages.,AWoD,1
Czujka,Lookout,"Gdy prowadzisz grupę w mieście albo lochu, zawsze dostrzegasz cele, zanim one dostrzegą ciebie.","When you take the lead in the city or a dungeon, you always spot your targets before they spot you.",AWoD,1
Szczęście,Lucky,Raz dziennie możesz zamienić dowolne Pudło w Sukces.,"Once per day, you can turn any Miss into a Success instead.",AWoD,1
Magiczne Punkty Życia,Magic-fueled hit points,Masz dodatkowe punkty życia równe wartości twojej Mocy. Za każde użyte zaklęcie Czarnoksięstwa tracisz 1 albo 2 z tych dodatkowych punktów życia.,"You have additional hit points (as many as your Power score). For each Wizardry spell you use, you lose 1 or 2 of those additional hit points.",AWoD,1
Tarcza Umysłu,Mind Shield,"Jesteś odporny na strach, zauroczenie i zaklęcia snu.","You are immune against fear, charm and sleep spells.",AWoD,1
Oportunista,Opportunist,"Gdy ty i twoi sprzymierzeńcy bierzecie przeciwników górą, zadajesz +2 obrażenia.","When you and your allies overpower your opponents, you inflict +2 damage.",AWoD,1
Uspokojenie,Pacify,Możesz próbować uspokoić lub zauroczyć głosem istoty (pół)inteligentne.,You can attempt to pacify or charm (demi)intelligent creatures with your voice.,AWoD,1
Występ,Perform,"Gdy zabawiasz tłum, możesz zarobić dziennie po 1k6 srebrników za poziom. Jeśli jednak na którejkolwiek kości wypadnie 1, publiczność staje się wroga i przez co najmniej tydzień nie pozwoli ci występować bez obrzucania cię zgniłymi warzywami.","When you entertain a crowd, you can earn d6s per Level each day. However, should any die roll a 1, the audience turns nasty and you won't be allowed to perform for at least a week without having rotten vegetables thrown at you.",AWoD,1
Towarzysz Zwierzęcy,Pet,Masz lojalnego i skutecznego zwierzęcego towarzysza.,You have a loyal and effective animal companion.,AWoD,1
Prestiż,Prestige,"Wszyscy wiedzą, kim jesteś. Koszt najemników spada o połowę, bo szukają służby u ciebie z nadzieją na późniejsze łaski i korzyści.","Everyone knows who you are. Halve the price of any Hirelings, as they seek your employ in order to gain later favors or advantages.",AWoD,1
Refleks,Reflexes,"Zawsze działasz pierwszy i możesz reagować nawet wtedy, gdy ktoś zaskoczy cię znienacka.","You always act first, and can react when suddenly surprised.",AWoD,1
Skalna Skóra,Rockskin,Masz skórę twardą jak skała (Pancerz 2).,You have rock-hard skin (Armor 2).,AWoD,1
Wędrowiec,Rover,"Biegnąc przez dzicz, nie zostawiasz wyraźnych śladów ani tropu.","When you run through the wilderness, you do so without leaving obvious tracks or a trail.",AWoD,1
Żeglarz,Sailor,"Potrafisz obsługiwać żaglowiec i nigdy nie dopada cię choroba morska, nawet na wzburzonym morzu.","You can crew a sailing vessel, and never feel ill due to stormy seas.",AWoD,1
Saper,Sapper,"Używając czarnoprochowych ładunków wybuchowych albo artylerii, dodajesz +1 kość do obrażeń i odrzucasz najniższy wynik.","When using blackpowder explosives or artillery, add +1 die to damage, discarding the lowest result.",AWoD,1
Intrygant,Schemer,"Gdy przekupujesz lub szantażujesz innych, możesz robić to subtelnie albo przez pośredników, nie ściągając na siebie niepożądanej uwagi.","When you bribe or blackmail others, you can do so subtly or through third parties, without drawing too much unwanted attention to yourself.",AWoD,1
Zwiadowca,Scout,"Gdy prowadzisz grupę w dziczy, zawsze dostrzegasz cele, zanim one dostrzegą ciebie.","When you take the lead in the wilderness, you always spot your targets before they spot you.",AWoD,1
Zmiana Kształtu,Shifting,"Gdy wypijesz krew zwierzęcia, możesz próbować przybrać jego postać, zostawiając swój dobytek. Powrót do własnej formy wymaga jednak silnej woli, zwłaszcza im dłużej pozostajesz bestią.","When drinking the blood of an animal you can attempt to take its form, leaving your possessions behind. However, it is a feat of willpower to revert to your original self, particularly the longer you stay a beast.",AWoD,1
Potyczka,Skirmish,"+1 do obrażeń, a noszona przez ciebie zbroja liczy się jak o jeden typ lżejsza.",+1 damage and worn armor counts as one type lighter.,AWoD,1
Pogromca,Slay,+2 obrażenia w walce wręcz.,+2 melee damage.,AWoD,1
Detektyw,Sleuth,"Gdy szukasz wskazówek, robisz to szybko i w ruchu. Zawsze rozpoznasz, kiedy ktoś kłamie, choć możesz nie znać przyczyny oszustwa.","When you search for clues, you can do so quickly and while on the move. You can always tell when someone is lying, though you may not know the cause of their deception.",AWoD,1
Czarodziejstwo,Sorcery,"Możesz rzucać zaklęcia, które choć mają ograniczony zakres, są znacznie bezpieczniejsze niż surowa moc Czarnoksięstwa. Zaczynasz z trzema zaklęciami.","You are able to cast spells that, while limited in scope, are much safer than the raw magical power of Wizardry. You start with three spells.",AWoD,1
Strategia,Strategy,"W walce możesz próbować przewidzieć ruchy, pozycje i siłę swoich wrogów.","When you are in combat, you can attempt to predict the movements, positions, and strengths of your enemies.",AWoD,1
Przywołanie,Summon,"Możesz przyzywać demony, by zasięgać ich rady, albo po to, by związać je i zmusić do służby. Zaczynasz z dwoma związanymi demonami, które możesz przywołać.",You can call forth demons to seek their counsel...or so you can bind them to serve you. You start with two bound demons that you can call upon.,AWoD,1
Chirurg,Surgeon,Dzięki umiejętności Leczenie możesz próbować sporządzać nowe lekarstwa albo wyrwać kogoś z objęć śmierci.,"With the Treatment skill, you can try to mix new medicines or bring someone back from the brink of death.",AWoD,1
Utalentowany,Talented,Zyskujesz +1 Umiejętność.,Add +1 Skill.,AWoD,1
Majsterkowicz,Tinker,"Gdy otwierasz zamki lub rozbrajasz pułapki, możesz robić to szybko i niezauważenie, nawet na oczach innych.","When you pick locks or disable traps, you can do so quickly and unnoticed while in plain sight.",AWoD,1
Twardziel,Tough,Dodaj +1 do Pancerza. Jesteś po prostu wyjątkowo twardy.,"Add +1 armor, from being badass.",AWoD,1
Tropiciel,Tracker,"Gdy próbujesz rozpoznać i podjąć trop, możesz robić to szybko i w ruchu.","When you attempt to identify and follow tracks, you can do so quickly while on the move.",AWoD,1
Sztuczka,Trick,Możesz próbować rozproszyć albo opóźnić przeciwnika swoimi wybiegami.,You can attempt to distract or delay your opponent with your antics.,AWoD,1
Odpędzenie,Turn,Możesz próbować utrzymać nieumarłych na dystans mocą swojej wiary i świętego symbolu.,You can attempt to hold undead at bay with the power of your faith and a holy symbol.,AWoD,1
Gwałtowność,Vehemence,"Gdy używasz efektów magicznych zadających obrażenia, dodajesz +1 kość do obrażeń i odrzucasz najniższy wynik.","When you use damaging magic effects, add +1 die to damage, discarding the lowest result.",AWoD,1
Wizja,Vision,"Wypij wodę święconą, by obcować ze swoim bóstwem i otrzymać boskie wskazówki.",Drink holy water to commune with your deity for divine guidance.,AWoD,1
Salwa,Volley,Dodaj +2 obrażenia do każdego ataku dystansowego.,Add +2 damage to any ranged attack.,AWoD,1
Ochronne Pieczęcie,Warded,"Gdy używasz magii, twoje ochronne pieczęcie strzegą cię, dając +1 Pancerza.","When you are using magic, your protective wards keep you safe, granting +1 Armor.",AWoD,1
Dziki Zew,Wild,Możesz rozmawiać ze zwierzętami i próbować wydawać im polecenia.,You can converse with and attempt to command animals.,AWoD,1
Czarnoksięstwo,Wizardry,"Możesz tworzyć magiczne efekty czerpiące z surowej mocy Chaosu. Są potężne i cudowne, a ich zakres nie jest tak ograniczony jak w Czarodziejstwie. Jednak splatanie takich energii niesie ze sobą skrajne i nieprzewidywalne zagrożenia. Zaczynasz z Mocą równą liczbie bazowych Kości Wytrzymałości + MĄD.","You can create magical effects drawn from the raw power of Chaos. Such effects are powerful and wondrous, and not limited in scope like Sorcery. However, the risks of weaving such energies have hazards, both extreme and varied. You start with a Power score equal to your base Hit Dice +WIS.",AWoD,1
Co To Było?,WTF?,"Otrzymujesz premię do rzutów przeciw przeciwnikom, którzy jeszcze z tobą nie walczyli. Po pierwszej konfrontacji ta premia przepada.",You get a bonus to roll against opponents that haven't fought against you. This bonus is lost after the first confrontation.,AWoD,1
Alchemia,Alchemy,"Możesz połączyć dwa efekty z listy ""Użytkownik będzie..."" w jedną formułę. Koszt przygotowania podwaja się, ale rezultat zapewnia oba efekty naraz. Dodatkowo podczas jednej sesji przygotowań możesz sporządzić dwa oddzielne przedmioty alchemiczne bez podwajania czasu.","You can combine two effects from the ""The user will..."" list into a single formula. The preparation cost doubles, but the result delivers both effects at once. Additionally, you can prepare two separate alchemical items in a single session without needing to double the time.",edr,2
Zamożność,Affluent,"Raz na sesję możesz upomnieć się o dług: wskaż BN-a, który jest ci coś winien, a MG sprawi, że dostarczy ci pieniądze, towary albo znaczącą przysługę. Może nie będzie z tego zadowolony, ale wywiąże się ze zobowiązania.","Once per session, you can call in a debt — name an NPC who owes you and the GM will make them come through with coin, goods, or a significant favor. They may not be happy about it, but they deliver.",edr,2
Urok,Allure,"Osoby, które wcześniej uwiodłeś, odczuwają wobec ciebie trwałą potrzebę opieki. Raz na sesję jeden taki BN sam z siebie stanie w twojej obronie w krytycznej chwili.","Those you have previously seduced feel a lingering protectiveness toward you. Once per session, one such NPC will intervene on your behalf at a critical moment without being asked.",edr,2
Wycena,Appraise,"Twoje oko sięga także tego, co magiczne. Gdy oglądasz magiczny przedmiot, MG musi ujawnić ci jedną z jego właściwości albo mocy.","Your eye extends to the magical. When you examine a magical item, the GM must reveal one of its properties or powers to you.",edr,2
Cios w Plecy,Backstab,"Gdy wykonujesz Cios w plecy i zadasz obrażenia, wybierz dodatkowo jedno: cel nie może wydać dźwięku, upuszcza to, co trzyma, albo natychmiast znikasz z powrotem w cieniu, nim zdoła zareagować.","When you Backstab and deal damage, you also choose one: the target is silenced, the target drops what they are holding, or you immediately melt back into the shadows before they can react.",edr,2
Targowanie,Bargain,"Każde udane targowanie jest zarazem wymianą informacji. Gdy dobijesz targu, możesz zadać kupcowi jedno pytanie o lokalne wydarzenia, rzadkie towary albo ważne osoby w okolicy.","Every successful Bargain doubles as an information exchange. When you close a deal, you may ask the merchant one question about local happenings, rare goods, or notable people nearby.",edr,2
Szał,Berserk,"Gdy w Szale twoje PW spadną do połowy lub niżej, premia do obrażeń rośnie do +2. Wrogowie, którzy widzą twój obłęd bojowy, muszą zawahać się, zanim cię zaatakują.","When your HP drops to half or below while Berserk, your damage bonus increases to +2. Enemies who witness your frenzy must pause before engaging you.",edr,2
Błogosławieństwo,Bless,Możesz pobłogosławić osobę zamiast przedmiotu. Pobłogosławiona osoba zyskuje +1 Pancerza przeciw Złu oraz odporność na strach wzbudzany przez nieumarłych do końca dnia.,You can Bless a person instead of an object. A blessed person gains +1 armor against Evil and immunity to fear from undead for the rest of the day.,edr,2
Krzepa,Brawny,"Gdy przy ataku wręcz lub bronią miotaną wyrzucisz maksymalne obrażenia, cel zostaje powalony albo traci następną akcję na dojście do siebie.","When you roll maximum damage on a melee or thrown attack, the target is knocked prone or loses their next action recovering.",edr,2
Okryty Cieniem,Cloaked,"Dopóki skrywa cię mrok, poruszasz się bezszelestnie bez rzutu, o ile nie podejmujesz agresywnych działań. Wrogowie nie mogą obierać cię za cel ataków dystansowych, chyba że mają nadnaturalne zmysły.","While in darkness, you move silently without a roll, as long as you take no aggressive action. Enemies cannot target you with ranged attacks unless they have supernatural senses.",edr,2
Koneksje,Connected,"Twoja sieć kontaktów sięga środowisk przestępczych, kupieckich i półświatka. Raz na sesję możesz wezwać na pomoc niearystokratyczny kontakt, by wyświadczył ci istotną przysługę.","Your network extends into criminal, mercantile, and underworld circles. Once per session, call on a non-noble contact for a significant favor.",edr,2
Gibkość,Contort,"Nie da się cię przytrzymać, przyszpilić ani obezwładnić niczym słabszym niż magiczne więzy. Potrafisz przecisnąć się przez każdą szczelinę, przez którą przejdzie twoja głowa.","You cannot be held, pinned, or grappled by anything short of magical restraints. You can squeeze through any gap your head fits through.",edr,2
Kieszonkowiec,Cutpurse,"Gdy skutecznie okradniesz kogoś z kieszeni, zyskujesz w głowie pełny katalog wszystkiego, co ta osoba przy sobie nosi, a nie tylko tego, co zabrałeś.","When you successfully pick a pocket, you gain a mental catalogue of everything the target is carrying — not just what you took.",edr,2
Uzdrowienie,Cure,"Twoje Uzdrowienie działa teraz na odległość, nawet do drugiego końca komnaty. Raz dziennie możesz spróbować uleczyć magiczną chorobę albo śmiertelną dolegliwość.","Your Cure now works at range — up to a room away. Once per day, you can attempt to Cure a magical disease or terminal illness.",edr,2
Potępienie,Damnation,"Twoje klątwy są wyjątkowo uporczywe. Każdy, kto próbuje zdjąć twoją klątwę, musi oprócz zwykłych metod przezwyciężyć także wartość twojej MĄD.",Your curses are tenacious. Targets who attempt to remove your curse must overcome your WIS score in addition to normal removal methods.,edr,2
Brawura,Daring,"Twoja Brawura obejmuje teraz także magiczne zagrożenia i nadnaturalne efekty. Gdy uda ci się coś, co inni uznali za niemożliwe, jeden sojusznik, który to widział, zyskuje premię do następnego rzutu.","Your Daring now covers magical hazards and supernatural effects. When you succeed at something others declared impossible, one ally who witnessed it gains a bonus to their next roll.",edr,2
Dyplomata,Diplomat,"Układy, które wynegocjujesz, trzymają się mocno: BN-e nie wycofają się z nich, chyba że zostaną poważnie sprowokowani. Potrafisz negocjować także z istotami, które nie znają twojego języka, za pomocą gestów i tonu głosu.",Agreements you broker hold firm — NPCs won't renege unless significantly provoked. You can negotiate with creatures who don't share your language through gesture and tone.,edr,2
Przebranie,Disguise,"Możesz utrzymywać przebranie bez wysiłku przez dowolnie długi czas. Potrafisz też wiarygodnie zmienić głos, by oszukać nawet tych, którzy znają osobę, pod którą się podszywasz.",You can maintain a disguise indefinitely without effort. You can alter your voice convincingly enough to fool people who know the person you're imitating.,edr,2
Wróżbiarstwo,Divination,"Raz dziennie, bez żadnych rekwizytów, możesz zadać MG jedno pytanie, na które da się odpowiedzieć tak lub nie, dotyczące najbliższej przyszłości (w ciągu następnej godziny). Odpowiedź jest szczera, choć czasem niejasna.","Once per day, without any prop, you may ask the GM one yes/no question about the immediate future (within the next hour). The answer is honest, if sometimes cryptic.",edr,2
Szermierz,Duelist,"Gdy walczysz Lekką bronią i masz pustą drugą rękę, otrzymujesz +1 do rzutów na atak. Gdy wróg cię chybi, możesz natychmiast wyprowadzić kontrę za połowę obrażeń.","When wielding a Light weapon with your off-hand empty, add +1 to attack rolls. When an enemy misses you, you may immediately strike back for half damage.",edr,2
Inżynier,Engineer,"W kilka minut potrafisz sklecić z rupieci działające urządzenie mechaniczne. Raz na sesję zbudowany przez ciebie sprzęt może zadziałać jako improwizowany ładunek wybuchowy (1k6+2 obrażeń, mały obszar).","You can jury-rig a working mechanical device from scrap in minutes. Once per session, a device you built functions as an improvised explosive (d6+2 damage, small area).",edr,2
Ekspert,Expert,"Możesz użyć Eksperta dwa razy dziennie. Gdy z niego korzystasz, przekonujące uzasadnienie może przynieść dodatkową korzyść fabularną.","You can use Expert twice per day. When you invoke it, a compelling explanation may earn an additional narrative benefit.",edr,2
Chowaniec,Familiar,"Możesz mówić ustami swojego Chowańca. Jeśli Chowaniec zginie, po dniu rytuałów możesz związać się z nowym.","You can speak through your Familiar's mouth. If your Familiar is killed, you can bond with a new one after a day of ritual.",edr,2
Magia Kontaktowa,Full-contact magic,"Możesz utrzymać naładowane zaklęcie w dłoni przez minutę i przekazać je następnej istocie, której dotkniesz.","You can hold a charged spell in your hand for up to one minute, delivering it to the next creature you touch.",edr,2
Gadżeciarstwo,Gadgetry,"Twoje gadżety mają dwa ładunki, zanim się zepsują. Urządzenia odtwarzające zaklęcia Czarodziejstwa, których używa się codziennie, mogą być użyte raz więcej każdego dnia.",Your gadgets have two charges before breaking down. Your daily-use Sorcery-replicating devices may be used one additional time per day.,edr,2
Ucieczka,Getaway,"Gdy korzystasz z Ucieczki, możesz zabrać ze sobą jednego chętnego sojusznika. Zawsze znasz najszybszą drogę wyjścia z każdego miejsca, w którym przebywasz dłużej niż minutę.","When you use Getaway, you can bring one willing ally with you. You always know the fastest exit from any location you've been in for more than a minute.",edr,2
Osłona,Guarded,"Najemnicy, na których przekierowujesz atak, otrzymują tylko połowę obrażeń. Możesz użyć Osłony dwa razy dziennie.",Redirected Hirelings take half damage. You can use Guarded twice per day.,edr,2
Zahartowany,Hardy,"Zyskujesz dodatkowe +4 PW (łącznie +10 z Zahartowania). Gdy spadniesz do 0 PW, rzuć +KON: przy 7+ pozostajesz przy 1 PW zamiast paść.","Gain an additional +4 HP (total +10 from Hardy). When reduced to 0 HP, roll +CON — on a 7+, you drop to 1 HP instead.",edr,2
Ciężkie Dłonie i Stopy,Heavy Hands/Feet,"Twoje ataki bez broni są magiczne, więc działają także na istoty odporne na niemagiczne obrażenia. Trafienie tego samego celu dwa razy w jednej turze oszałamia go: w następnej rundzie działa jako ostatni.",Your unarmed strikes are magical — they affect creatures resistant to non-magical damage. Hitting the same target twice in one turn staggers them: they act last next round.,edr,2
Łowca,Hunter,"Gdy strzelasz z ukrycia i trafiasz, pozostajesz niewykryty: wrogowie nie namierzają cię od razu. Możesz oddać jeszcze jeden strzał z tej samej pozycji, zanim będziesz musiał się przemieścić.","When you fire from hiding and hit, you remain hidden — enemies don't immediately locate you. You may fire once more from the same position before needing to move.",edr,2
Iluzje,Illusions,"Twoje iluzje obejmują także przekonujący dźwięk. Cele, które nie przejrzą oszustwa, pozostają pod jego wpływem jeszcze przez jedną rundę po tym, jak przestaniesz się koncentrować.",Your illusions include convincing sound. Targets that fail to see through them remain affected for one round after you stop concentrating.,edr,2
Natchnienie,Inspire,"Potrafisz skierować tłum ku konkretnemu działaniu, a nie tylko wpłynąć na jego opinię. MG powie ci, co byłoby potrzebne, by popchnąć go za daleko.",You can direct a crowd toward a specific action — not just opinion but behavior. The GM will tell you what it would take to push them too far.,edr,2
Instynkt,Instinct,Dwa razy na scenę możesz przerzucić ZRĘ i zachować lepszy wynik. Zasadzka nigdy nie łapie cię kompletnie nieprzygotowanego.,You can re-roll DEX twice per scene and keep the better result. You are never caught flat-footed by an ambush.,edr,2
Lingwista,Linguist,"Jeśli masz dość czasu, potrafisz rozszyfrować języki pradawne, wymarłe albo potworne. Natychmiast wyczuwasz też, gdy ktoś mówi szyfrem albo ukrywa drugie dno wypowiedzi.","You can decode ancient, extinct, or monstrous languages given enough time. You notice immediately when someone is speaking in cipher or concealed subtext.",edr,2
Czujka,Lookout,"Gdy dostrzeżesz wroga, zanim on dostrzeże was, po cichu ostrzegasz wszystkich sojuszników: każdy z was działa pierwszy w nadchodzącym starciu.","When you spot an enemy before they spot you, you silently warn all allies — everyone acts first in the ensuing encounter.",edr,2
Szczęście,Lucky,"Raz na sesję możesz użyć Szczęścia w imieniu dowolnego widocznego sojusznika, zamieniając jego Pudło w Sukces.","Once per session, you can use Lucky on behalf of any ally you can see, turning their Miss into a Success.",edr,2
Magiczne Punkty Życia,Magic-fueled hit points,"Gdy wyczerpią się Magiczne Punkty Życia, możesz zasilać zaklęcia Czarnoksięstwa zwykłymi PW w proporcji 2:1.","When magic-fueled HP are depleted, you can fuel Wizardry spells by spending regular HP at a 2:1 ratio.",edr,2
Tarcza Umysłu,Mind Shield,Raz dziennie możesz rozciągnąć Tarczę Umysłu na jednego pobliskiego sojusznika na całą scenę.,"Once per day, you can extend Mind Shield to one nearby ally for a full scene.",edr,2
Oportunista,Opportunist,"Gdy trafisz przeciwnika już związanego walką, ma utrudnienie do swojej następnej akcji wymierzonej w kogokolwiek poza tobą.","When you hit an already-engaged foe, they have disadvantage on their next action against anyone other than you.",edr,2
Uspokojenie,Pacify,"Istoty, które uspokoiłeś, przez kilka dni zachowują wobec ciebie przychylne nastawienie.",Creatures you have Pacified remain favorably disposed toward you for days.,edr,2
Występ,Perform,"Wyrzucona 1 powoduje teraz tylko niezręczność, a nie wrogość tłumu. Każda kość z wynikiem 4+ przyciąga patrona albo ważnego wielbiciela.","A rolled 1 now causes minor awkwardness, not hostility. All dice showing 4+ attracts a patron or important admirer.",edr,2
Towarzysz Zwierzęcy,Pet,"Twój towarzysz potrafi wykonać złożone, wieloetapowe polecenia pod twoją nieobecność i wrócić z sygnałem o tym, co znalazł.",Your companion can follow complex multi-step instructions without you present and return with a signal about what it found.,edr,2
Prestiż,Prestige,"Twoje imię otwiera drzwi, których nie otworzą pieniądze. Raz na sesję sama reputacja daje ci dostęp do czegoś, czego zwykle by odmówiono. Tam, gdzie cię znają, dostajesz darmowy nocleg i posiłki.","Your name opens doors coin cannot. Once per session, reputation alone grants access to something normally refused. You receive free lodging and meals where you are known.",edr,2
Refleks,Reflexes,"Raz na walkę, gdy wróg cię chybi, możesz natychmiast zadziałać poza swoją kolejnością, wykonując jedną pełną akcję.","Once per combat, when an enemy misses you, you may act immediately out of turn, taking one full action.",edr,2
Skalna Skóra,Rockskin,"Obrażenia obuchowe są zmniejszane o dodatkowy 1 punkt (minimum 0). Jesteś odporny na drobne szkody środowiskowe, takie jak gorąco, zimno czy otarcia.","Bludgeoning damage is reduced by an additional 1 (minimum 0). Immune to minor environmental damage — heat, cold, abrasion.",edr,2
Wędrowiec,Rover,"Potrafisz zatrzeć ślady całej drużyny. Cudze tropy czytasz jak zapisane świadectwo: liczebność, tempo, ciężar i stan emocjonalny.","You can erase your entire party's tracks. You can read others' tracks as a written account — numbers, pace, weight, emotional state.",edr,2
Żeglarz,Sailor,Potrafisz nawigować bez map i kart. Raz na rejs twoja szybka reakcja automatycznie zapobiega jednej katastrofalnej konsekwencji.,"You can navigate without charts. Once per voyage, your quick action automatically prevents one catastrophic outcome.",edr,2
Saper,Sapper,W ciągu godziny potrafisz sporządzić improwizowane ładunki z dostępnych materiałów. Twoje ładunki wybuchowe mogą mieć dziesięciominutowy lont albo spust linkowy.,You can construct improvised charges from available materials in an hour. Your explosives can be set with a ten-minute delay fuse or a tripwire trigger.,edr,2
Intrygant,Schemer,"Kiedy intryga się sypie, zawsze dzieli cię od niej co najmniej jeden pośrednik. Zanim sprawa dosięgnie ciebie, winę bierze na siebie podstawiony BN.","When a scheme goes wrong, there is always one degree of separation protecting you. An NPC intermediary takes the fall before it reaches you.",edr,2
Zwiadowca,Scout,"Gdy wykonasz zwiad i wrócisz, wskazujesz dwa interesujące punkty. Twoi towarzysze zyskują przewagę przy pierwszym rzucie w każdym z tych miejsc.","When you scout and return, you identify two points of interest. Your companions gain advantage on their first roll at each of those locations.",edr,2
Zmiana Kształtu,Shifting,"Nie potrzebujesz już krwi: wystarczy minuta kontaktu ze zwierzęciem. W zwierzęcej postaci zachowujesz swoją INT, potrafisz układać proste plany i mówić krótkimi, urywanymi zdaniami.","You no longer need blood — one minute of contact with an animal is enough. While shifted, you retain your INT and can form simple plans and speak short, broken sentences.",edr,2
Potyczka,Skirmish,"Gdy zadasz obrażenia dzięki Potyczce, możesz natychmiast wycofać się bez sprowokowania ataków okazyjnych i związać walką inny cel.","When you deal damage with Skirmish, you can immediately disengage without triggering any opportunity strikes and re-engage another target.",edr,2
Pogromca,Slay,"Gdy atakiem wręcz zredukujesz wroga do 0 PW, możesz natychmiast wykonać drugi atak przeciw dowolnemu sąsiadującemu przeciwnikowi.","When you reduce an enemy to 0 HP with a melee attack, you may immediately make a second attack against any adjacent enemy.",edr,2
Detektyw,Sleuth,"Gdy wykryjesz kłamstwo, wyczuwasz też emocjonalny ton oszustwa: strach, chciwość, lojalność, wstyd.","When you detect a lie, you also sense the emotional shape of the deception — fear, greed, loyalty, shame.",edr,2
Czarodziejstwo,Sorcery,"Raz dziennie możesz rzucić całkowicie improwizowane zaklęcie Czarodziejstwa, wybierając na bieżąco po jednej opcji z każdej listy.","Once per day, cast a completely improvised Sorcery spell by choosing options from each list on the spot in real time.",edr,2
Strategia,Strategy,"Gdy odczytasz strategię wroga, jeden sojusznik zyskuje premię do następnego rzutu przeciw niemu. Jedno słowo wystarczy, by przekazać tę korzyść całej grupie.","When you read an enemy's strategy, one ally gains a bonus to their next roll against that enemy. A word relays the benefit to the whole group.",edr,2
Przywołanie,Summon,"Gdy związany demon wykonuje swoje codzienne zadanie, możesz zażądać dwóch działań zamiast jednego. Demon przed wykonaniem drugiego określa swoją cenę.","When a Bound demon performs its daily deed, you may request two actions instead of one. The demon names a price for the second before performing it.",edr,2
Chirurg,Surgeon,"Gdy zawracasz kogoś znad progu śmierci, odzyskuje siły dzięki dodatkowemu rzutowi Kością Wytrzymałości, dodawanemu natychmiast. Twoje lekarstwa działają także przeciw magicznym chorobom i klątwom.","When you bring someone back from the brink, they recover with one extra Hit Die rolled and added immediately. Your medicines counter magical diseases and curses.",edr,2
Utalentowany,Talented,"Raz na sesję możesz tymczasowo skorzystać z Umiejętności, której nie posiadasz, przy jednym rzucie.","Once per session, temporarily use a Skill you don't possess for one roll.",edr,2
Majsterkowicz,Tinker,"Gdy oglądasz zamek albo pułapkę, rozumiesz, jak zostały zbudowane i kto je skonstruował. Możesz też ponownie uzbroić każdą rozbrojoną przez siebie pułapkę, wprowadzając modyfikacje.","When you examine a lock or trap, you understand how it was built and who built it. You can re-arm any trap you've disabled, with modifications.",edr,2
Twardziel,Tough,"Raz na walkę możesz całkowicie zignorować jedno źródło obrażeń, decydując o tym już po zobaczeniu rzutu na obrażenia.","Once per combat, completely ignore one source of damage, decided after seeing the damage roll.",edr,2
Tropiciel,Tracker,"Gdy podążasz tropem, MG mówi ci, dokąd zmierza zwierzyna, jeśli sama ma jakiś cel. Zawsze też wyczuwasz, kiedy trop został celowo spreparowany, by cię zmylić.","When you follow a trail, the GM tells you the quarry's destination if they have one. You always sense when a trail has been deliberately laid to mislead you.",edr,2
Sztuczka,Trick,"Gdy skutecznie nabierzesz cel Sztuczką, wszyscy pobliscy wrogowie, którzy to widzieli, wahają się. Twoi sojusznicy zyskują premię do następnej akcji przeciw dowolnemu z tych przeciwników.","When you successfully Trick a target, all nearby enemies who witnessed it hesitate. Your allies gain a bonus to their next action against any of those enemies.",edr,2
Odpędzenie,Turn,"Nieumarli, których odpędzisz, uciekają przed tobą do końca sceny. Na potężnych nieumarłych Odpędzenie wymusza zachowanie defensywne.","Undead you Turn flee from you for the rest of the scene. Against powerful undead, Turn forces them to act defensively.",edr,2
Gwałtowność,Vehemence,"Gdy przy zaklęciu wzmocnionym Gwałtownością wyrzucisz maksymalne obrażenia, cel zostaje odrzucony albo powalony.","When you roll maximum damage on a Vehemence-enhanced spell, the target is knocked back or prone.",edr,2
Wizja,Vision,Nie potrzebujesz już wody święconej: wystarczy dziesięć minut medytacji. Raz na sesję twoje bóstwo samo z siebie posyła ci krótkie ostrzeżenie przed poważnym niebezpieczeństwem.,"You no longer need holy water — ten minutes of meditation suffices. Once per session, your deity sends you a brief, unsolicited warning before significant danger.",edr,2
Salwa,Volley,"Raz na walkę możesz wypuścić salwę w dwóch sąsiadujących ze sobą przeciwników jednocześnie, rzucając na obrażenia osobno dla każdego z nich.","Once per combat, loose a volley targeting two adjacent enemies simultaneously, rolling damage separately for each.",edr,2
Ochronne Pieczęcie,Warded,"Twoje pieczęcie ochronne utrzymują się jeszcze przez jedną rundę po zakończeniu używania magii. Szybką akcją możesz rozciągnąć ich ochronę na jednego pobliskiego sojusznika, dając mu +1 Pancerza do twojej następnej tury.","Your wards persist for one round after you stop using magic. You can extend your ward to one nearby ally as a quick action, granting them +1 armor until your next turn.",edr,2
Dziki Zew,Wild,"Zwierzęta, którym wydałeś rozkaz, pozostają ci lojalne nawet po wygaśnięciu polecenia i nie wystąpią przeciw tobie. Możesz bez dodatkowych utrudnień rozkazywać zwierzętom aż do dużych rozmiarów.",Animals you have commanded remain loyal to you even after the command expires — they will not act against you. You can command animals up to large size without additional difficulty.,edr,2
Czarnoksięstwo,Wizardry,"Gdy przy zaklęciu Czarnoksięstwa wyrzucisz Krytyczny sukces, odzyskujesz 1 wydany punkt Mocy. Możesz też wydawać Moc w proporcji 2:1, aby przedłużyć czas trwania zaklęcia o jeden stopień bez narażania się z tego powodu na kontakt z Osnową.","When you roll a Critical Success on a Wizardry spell, recover 1 spent Power. You may spend Power at a 2:1 ratio to extend spell duration by one rank without triggering Warp exposure for that adjustment.",edr,2
Co To Było?,WTF?,"Raz na walkę przeciw dowolnemu przeciwnikowi, nawet dobrze ci znanemu, możesz zrobić coś tak nieprzewidywalnego, że straci następną akcję, próbując to pojąć.",Once per combat against any foe — even a known one — you may do something so unexpected they lose their next action processing it.,edr,2
Alchemia,Alchemy,"Możesz stworzyć Legendarną Formułę: pojedynczy wyrób łączący po jednej opcji z każdej kategorii oraz jeden egzotyczny efekt własnego pomysłu, za zgodą MG. Dodatkowo każdą stworzoną przez ciebie formułę można teraz uczynić trwałą: nie znika po użyciu, lecz odnawia się po pełnym dniu.","You can create a Legendary Formula — a single preparation that combines one option from every category plus one exotic effect of your own invention, subject to GM approval. Additionally, any formula you create can now be made permanent: it does not expire after use, but recharges after one full day.",edr,3
Zamożność,Affluent,"Twoja reputacja finansowa jest nienaruszalna. Nie musisz już rzucać, gdy kupujesz na kredyt: po prostu zakłada się, że to działa. Raz na kampanię możesz zorganizować finansowanie naprawdę ogromnego zakupu, takiego jak statek, budynek czy zaopatrzenie dla armii, bez potrzeby natychmiastowej zapłaty.","Your financial reputation is unassailable. You no longer need to roll when making purchases on credit — it is simply assumed. Once per campaign, you can arrange financing for a truly massive acquisition (a ship, a building, an army's provisions) with no immediate funds required.",edr,3
Urok,Allure,"Twój urok jest przytłaczający. Raz na sesję możesz sprawić, że przez całą scenę ktoś będzie całkowicie oddany twojemu dobru: nie skrzywdzi cię, nie okłamie i nie pozwoli skrzywdzić cię innym bez rzutu na MĄD, by się oprzeć. Potem pamięta to doświadczenie, ale nie umie wyjaśnić, czemu tak się zachował.","Your allure is overwhelming. Once per session, you can make someone completely devoted to your wellbeing for a full scene — they will not harm you, lie to you, or allow others to harm you without a WIS roll to resist. They remember the experience afterward but cannot explain why they acted that way.",edr,3
Wycena,Appraise,"Potrafisz ocenić wartość wszystkiego: klątw, błogosławieństw, informacji, a nawet ludzkiego życia w ekonomii świata MG. Raz na sesję możesz zapytać MG: ""Co jest najcenniejszą rzeczą w tym miejscu?"" MG musi odpowiedzieć szczerze.","You can appraise anything — curses, blessings, the value of information, even the worth of a person's life in the GM's economy. Once per session, ask the GM: ""What is the most valuable thing in this location?"" The GM must answer honestly.",edr,3
Cios w Plecy,Backstab,"Premia do obrażeń z Ciosu w plecy wzrasta do +5. Gdy jednym ciosem zabijasz cel, żaden świadek nie pojmuje od razu, co się stało: śmierć wygląda na naturalną, przypadkową albo spowodowaną przez kogoś innego, chyba że ktoś zacznie to aktywnie i uważnie badać.","Your Backstab damage bonus increases to +5. When you Backstab and kill a target in a single strike, no witness immediately realizes what happened — the death appears natural, accidental, or the result of someone else, unless actively and carefully investigated.",edr,3
Targowanie,Bargain,"Możesz targować się o rzeczy, które technicznie nie są na sprzedaż: sekrety, przysługi możnych, niebezpieczne informacje, a nawet wolność. MG musi potraktować twoją ofertę poważnie, zamiast ją zbyć. Zawsze coś da się wynegocjować, nawet jeśli cena będzie wysoka.","You can Bargain for things that are not technically for sale — secrets, favors from powerful figures, dangerous information, even freedom. The GM must engage with your offer rather than dismiss it. Something is always on the table, even if the price is steep.",edr,3
Szał,Berserk,"W Szale nie można cię ogłuszyć ani pozbawić przytomności: walczysz, dopóki twoje PW nie spadną do wartości ujemnej równej twojej KON, i dopiero wtedy padasz. Dodatkowo twoje bojowe szaleństwo jest zaraźliwe: jeden sojusznik, który widzi cię w walce, zyskuje +1 do obrażeń i +1 Pancerza tak długo, jak trwa twój Szał.","You cannot be knocked unconscious while Berserk — you fight until your HP reaches a negative value equal to your CON score, at which point you collapse. Additionally, your frenzy is contagious: one ally who can see you fighting gains +1 damage and +1 armor for as long as your Berserk lasts.",edr,3
Błogosławieństwo,Bless,Możesz pobłogosławić miejsce zamiast osoby lub przedmiotu. Przez 24 godziny taki obszar ma następujące właściwości: istoty Zła mają utrudnienie przy wejściu; sojusznicy odpoczywający tam odzyskują dodatkową Kość Wytrzymałości; miejsca nie da się namierzyć ani śledzić magicznymi środkami.,"You can Bless a location rather than a person or item. For 24 hours, the blessed area has the following properties: Evil creatures suffer disadvantage when entering; allies who rest there recover an extra Hit Die; the location cannot be scried or tracked by magical means.",edr,3
Krzepa,Brawny,"Twoje obrażenia wręcz i bronią miotaną ignorują 1 punkt Pancerza (minimum 0, po zwykłej redukcji). Gdy maksymalnymi obrażeniami powalisz cel, możesz natychmiast go chwycić i przyszpilić; pozostaje unieruchomiony, dopóki nie zda rzutu na SIŁ.","Your melee and thrown damage ignores 1 point of armor (minimum 0, applied after normal armor reduction). When you knock a target prone via maximum damage, you may immediately grab and pin them — they remain pinned until they succeed on a STR roll.",edr,3
Okryty Cieniem,Cloaked,"Raz dziennie możesz stać się całkowicie niewidzialny w dowolnym oświetleniu na czas do godziny. Pozostajesz niewidzialny nawet podczas ataku, aż do końca rundy, w której uderzyłeś. Efekt kończy się, jeśli głośno mówisz albo użyjesz źródła światła.","Once per day, you can become completely invisible in any lighting condition for up to one hour. You remain invisible even when attacking, until the end of the round in which you struck. The effect ends if you speak loudly or use a light source.",edr,3
Koneksje,Connected,"Masz kontakt na każdym szczeblu społeczeństwa. Raz na sesję wskaż dowolny typ osoby, na przykład szefa szpiegów, kapitana piratów, arcykapłana czy bossa przestępczego, a okaże się, że znasz kogoś takiego. Jest ci winien dość, by się z tobą spotkać i naprawdę wysłuchać twojej prośby.","You have a contact at every level of society. Once per session, name any type of person — a spymaster, a pirate captain, a high priest, a crime lord — and you have a contact of that type. They owe you enough to meet with you and genuinely hear your request.",edr,3
Gibkość,Contort,"Twoje ciało znosi ucisk i pozycje, które dla innych byłyby śmiertelne. Możesz bez szkody przetrwać zasypanie, przygniecenie gruzem albo fizyczne uwięzienie przez dowolnie długi czas. Dodatkowo obrażenia od upadku zmniejszasz o połowę, niezależnie od wysokości.","Your body endures compression and positions that should be lethal. You can survive being buried, crushed in rubble, or physically trapped indefinitely without harm. You also reduce falling damage by half, regardless of the height.",edr,3
Kieszonkowiec,Cutpurse,"Potrafisz kraść rzeczy, które nie są po prostu przy kimś noszone: klucz właśnie obracany w zamku, dokument właśnie czytany, a nawet informację, o której ktoś wyraźnie myśli. Nic, z czym ktoś aktywnie wchodzi w interakcję, nie jest poza twoim zasięgiem. Dokładne zasady w każdym przypadku określa MG.","You can steal things that are not simply on a person's body — a key actively being turned in a lock, a document being actively read, information someone is clearly thinking about. Nothing a person is actively interacting with is beyond your reach. The GM determines the exact mechanics case by case.",edr,3
Uzdrowienie,Cure,"Twoje leczenie ma już znamiona cudu. Raz dziennie możesz dokonać Pełnego Odnowienia: podnieść postać z 0 PW do połowy jej maksymalnych PW oraz jednocześnie uleczyć wszystkie trucizny, klątwy i choroby. Nie wymaga to żadnych komponentów. Działa nawet na samym progu śmierci, o ile dana osoba nie była martwa dłużej niż minutę.","Your healing is miraculous. Once per day, you can perform a Full Restoration — bringing a character at 0 HP to half their maximum HP, simultaneously cured of all poisons, curses, and diseases. No components required. This works even at the very threshold of death, as long as they have not been dead for more than a minute.",edr,3
Potępienie,Damnation,"Raz na sesję możesz nałożyć Zgubę: nazwaną klątwę z konkretnym warunkiem uruchomienia według twojego wyboru, na przykład: ""następnym razem, gdy zdradzisz przyjaciela, stracisz głos na tydzień"". Zguba uruchamia się automatycznie po spełnieniu warunku i nie da się jej zdjąć zwykłymi metodami; jedynym sposobem jest odwrócenie nazwanego przez ciebie czynu krzywdy.","Once per session, you can place a Doom — a named curse with a specific triggering condition of your choosing (""the next time you betray a friend, you will lose your voice for a week""). The Doom activates automatically when met and cannot be removed by normal means — only by undoing whatever act of harm you named.",edr,3
Brawura,Daring,"Twoja Brawura nie zna już limitu: możesz używać jej dowolną liczbę razy dziennie. Dodatkowo, gdy dokonasz aktu niezwykłej odwagi na oczach innych, wszyscy obecni sojusznicy do końca sceny nie mogą ulec strachowi ani zwątpieniu.","Your Daring is unlimited — you can use it any number of times per day. Additionally, when you perform an act of extraordinary courage that others witness, all allies present cannot be affected by fear or doubt for the rest of the scene.",edr,3
Dyplomata,Diplomat,"Raz na sesję możesz ogłosić Rokowania: wymuszony okres negocjacji. Wszystkie strony muszą przez co najmniej jedną pełną scenę negocjować w dobrej wierze, zanim przemoc znów będzie mogła wybuchnąć. Nawet wrogowie, którzy przed chwilą atakowali, muszą się zatrzymać. Nie działa to tylko wtedy, gdy w tej samej chwili ktoś właśnie traci życie.","Once per session, you can declare a Parley — a period of enforced negotiation. All parties must negotiate in good faith for at least one full scene before violence can resume. Even enemies who were attacking moments before must pause. This cannot be invoked if lives are actively being lost in that instant.",edr,3
Przebranie,Disguise,"Po co najmniej godzinie obserwacji potrafisz przejąć czyjeś maniery, emocjonalne odruchy i wiedzę o prywatnych sprawach na tyle przekonująco, by oszukać nawet najbliższą rodzinę i powierników. Gdy podszywasz się pod konkretną osobę, możesz odpowiadać na pytania o jej życie prywatne tak, jakbyś miał dostęp do jej wspomnień; MG dopowie to, co mógłbyś wiarygodnie wiedzieć.","After studying someone for at least an hour, you can take on their mannerisms, emotional tells, and knowledge of private matters convincingly enough to fool even their closest family and confidants. When disguised as someone specific, you can answer questions about their private life as if you had access to their memories — the GM will fill in what you would plausibly know.",edr,3
Wróżbiarstwo,Divination,"Dotykając miejsca albo przedmiotu, możesz ujrzeć jego przeszłość w postaci żywych wizji. Raz na sesję możesz poprosić MG o pokazanie jednego konkretnego wydarzenia z przeszłości związanego z twoim obecnym śledztwem; opisze je tak, jakbyś tam był.","By touching a location or object, you can witness its past as vivid visions. Once per session, you can ask the GM to show you one specific event from the past related to your current investigation — they describe it as if you were present.",edr,3
Szermierz,Duelist,"W ogłoszonej walce jeden na jednego jesteś praktycznie nietykalny dla mniej biegłych przeciwników. Gdy walczysz z jednym oponentem w formalnym albo wyraźnie zadeklarowanym pojedynku, masz przewagę do wszystkich rzutów, a on utrudnienie do wszystkich rzutów przeciw tobie.","In declared one-on-one combat, you are essentially untouchable by less skilled opponents. When fighting a single opponent in a formal or clearly declared duel, you have advantage on all rolls and they have disadvantage on all rolls against you.",edr,3
Inżynier,Engineer,"Jeśli masz odpowiednie materiały i czas, potrafisz zbudować dowolne urządzenie mechaniczne, jakie tylko umiesz sobie wyobrazić: machiny oblężnicze, automaty czy pułapki o niezwykłej złożoności. Raz na sesję wynalazek sklecony naprędce działa idealnie przy pierwszym użyciu, bez rzutu.","Given adequate materials and time, you can construct any mechanical device you can conceptualize — siege engines, automata, traps of extraordinary complexity. Once per session, a contraption you build on the fly works perfectly on the first use, no roll required.",edr,3
Ekspert,Expert,"Możesz używać Eksperta dowolną liczbę razy dziennie. Dodatkowo raz na sesję możesz zamienić Częściowy sukces w Pełny sukces, a nie tylko Pudło w Częściowy sukces.","You can use Expert any number of times per day. Additionally, once per session, you can turn a Partial Success into a Full Success — not just a Miss into a Partial.",edr,3
Chowaniec,Familiar,"Możesz całkowicie zamieszkać ciało swojego Chowańca; twoje własne ciało zapada wtedy w nieprzytomność, a ty działasz wyłącznie przez niego. Możesz utrzymać ten stan do godziny. Jeśli Chowaniec zginie, gdy w nim przebywasz, otrzymujesz 1k6 obrażeń i przez rundę jesteś oszołomiony.","You can fully inhabit your Familiar's body — your own body falls unconscious while you act through your Familiar completely. You can maintain this for up to one hour. If your Familiar is killed while you inhabit it, you take d6 damage and are stunned for a round.",edr,3
Magia Kontaktowa,Full-contact magic,"Możesz teraz przewodzić przez pięści dowolne zaklęcie, a nie tylko Czarnoksięstwo. Gdy posyłasz przez cios zaklęcie Czarodziejstwa, zadaje ono dodatkowe obrażenia równe twojemu modyfikatorowi SIŁ. Twoje ataki bez broni zawsze są uznawane za magiczną broń.","You can now channel any spell — not just Wizardry — through your fists. When you channel a Sorcery spell through a strike, it deals additional damage equal to your STR modifier. Your unarmed strikes are always considered magical weapons.",edr,3
Gadżeciarstwo,Gadgetry,"Jeden z twoich gadżetów staje się Arcydziełem: trwałym urządzeniem, które nigdy się nie psuje i może dowolnie odtwarzać przypisane mu zaklęcie Czarodziejstwa, bez dziennego limitu. Sam wybierasz, który z istniejących gadżetów zyskuje ten status.","One of your gadgets becomes a Masterwork — a permanent device that never breaks down and can replicate its assigned Sorcery spell at will, with no daily limit. You choose which of your existing devices receives this status.",edr,3
Ucieczka,Getaway,"Ucieczka działa teraz jednocześnie na całą twoją drużynę. Dodatkowo na początku każdej sesji możesz wyznaczyć bezpieczną kryjówkę albo punkt ewakuacji; gdy użyjesz Ucieczki, cała drużyna trafia tam niezależnie od dzielącej was odległości.","Getaway now works for your entire party simultaneously. Additionally, you can pre-designate a safe house or exit point at the start of any session — when you use Getaway, the party arrives there regardless of the distance between you and it.",edr,3
Osłona,Guarded,"Możesz teraz przekierowywać ataki na siebie zamiast na Najemnika, przyjmując cios za dowolnego sojusznika. Kiedy to robisz, otrzymujesz tylko połowę obrażeń; resztę pochłania twoja instynktowna osłona. Z tej wersji Osłony możesz korzystać dowolną liczbę razy w każdej walce.","You can now redirect attacks to yourself instead of a Hireling, absorbing the blow for any ally. When you do, you take only half damage — the rest is mitigated by your reflexive guard. This version of Guarded can be used any number of times per combat.",edr,3
Zahartowany,Hardy,"Zyskujesz dodatkowe +6 PW, co daje łącznie +16 z Zahartowania na wszystkich poziomach. Jesteś odporny na efekty natychmiastowej śmierci i śmiercionośne środowisko. Gdy spadniesz do 0 PW, automatycznie się stabilizujesz, bez rzutu.","Gain an additional +6 HP (total +16 from Hardy across all levels). You are immune to instant-death effects and lethal environments. When reduced to 0 HP, you automatically stabilize — no roll required.",edr,3
Ciężkie Dłonie i Stopy,Heavy Hands/Feet,"Twoje ataki bez broni zadają 2k6 obrażeń zamiast 1k6 i do wszystkich celów liczą się jako Broń Bojowa. Raz na walkę możesz wyprowadzić Dewastujący Cios, zadając automatycznie maksymalne możliwe obrażenia bez broni, bez rzutu.","Your unarmed strikes deal 2d6 damage instead of 1d6 and count as Martial Weapons for all purposes. Once per combat, you can deliver a Devastating Strike — dealing your maximum possible unarmed damage automatically, no roll required.",edr,3
Łowca,Hunter,"Możesz pozostawać ukryty bez końca w każdym naturalnym środowisku i nigdy nie musisz zmieniać pozycji po oddaniu strzału. Każdy cel trafiony przez ciebie w tej walce zostaje Naznaczony: wszystkie źródła obrażeń przeciw Naznaczonemu zadają +1 dodatkowych obrażeń, bo wskazałeś sojusznikom jego słabe punkty.","You can maintain concealment indefinitely in any natural environment, never needing to relocate after firing. Any target you hit this combat is Marked — all sources of damage against a Marked target deal +1 additional damage, as you've identified their weak points for your allies.",edr,3
Iluzje,Illusions,"Twoje iluzje działają już na wszystkie zmysły: wzrok, słuch, węch, temperaturę i dotyk. Każdy cel wchodzący z nimi w interakcję musi wykonać rzut na MĄD, by przestać im wierzyć. Szczególnie przekonujące iluzje mogą zadawać prawdziwe psychosomatyczne obrażenia (1k4, wedle uznania MG zależnie od siły i brutalności złudzenia).","Your illusions are fully multi-sensory — sight, sound, smell, temperature, and touch. Any target interacting with your illusions must make a WIS roll to disbelieve them. Particularly convincing illusions can cause real psychosomatic damage (d4, GM's discretion based on the severity and violence of the illusion).",edr,3
Natchnienie,Inspire,"Raz na sesję twoje słowa wywołują trwałą zmianę, a nie tylko chwilową reakcję. Tłum, który natchnąłeś, będzie pamiętał twoje przesłanie przez tygodnie i może działać zgodnie z nim długo po twoim odejściu. MG powinien uwzględniać konsekwencje tego w przyszłych sesjach.","Once per session, your words create a lasting change — not a momentary reaction. A crowd you've inspired will remember your message for weeks and may act on it independently, long after you've left. The GM should incorporate the consequences into future sessions.",edr,3
Instynkt,Instinct,"Masz przewagę do wszystkich rzutów opartych na ZRĘ. Raz na sesję, tuż przed uderzeniem katastrofy, twój instynkt ostrzega cię z wyprzedzeniem: MG daje ci jedną darmową akcję reakcji, zanim nieszczęście rozwinie się w pełni.","You have advantage on all DEX-based rolls. Once per session, just before catastrophe strikes, your instincts fire ahead of it — the GM gives you one free action to react before the disaster fully unfolds.",edr,3
Lingwista,Linguist,"Rozumiesz każdy język, także mowę stworzeń, zwierząt, duchów i magicznych istot, bez wcześniejszego kontaktu z nim. Po kilku minutach słuchania całkowicie obcego języka potrafisz również przekazać w nim proste treści.","You can understand any language, including those of creatures, animals, spirits, and magical entities, with no prior exposure needed. Given a few minutes of listening to a completely unknown language, you can communicate basic ideas in return.",edr,3
Czujka,Lookout,"Nigdy nie dajesz się zaskoczyć. Automatycznie wykrywasz ukryte istoty, zamaskowane przejścia i ludzi w przebraniu w zasięgu wzroku. MG musi powiedzieć ci, kiedy coś nie jest tym, na co wygląda, nawet jeśli nie wiesz jeszcze dokładnie, co jest nie tak.","You are never caught unaware. You automatically detect hidden creatures, concealed doors, and people in disguise within your line of sight. The GM must tell you when something is not as it appears, even if you don't know specifically what is wrong.",edr,3
Szczęście,Lucky,"Możesz użyć Szczęścia trzy razy dziennie na sobie i raz na sesję na dowolnym sojuszniku. Gdy przywołujesz Szczęście, możesz też poprosić MG o jeden dodatkowy przejaw pomyślnego losu obok zwykłego efektu mechanicznego, na przykład dogodną dywersję, niewypał albo szczęśliwy zbieg okoliczności.","You can use Lucky three times per day on yourself and once per session on any ally. When you invoke Lucky, you may also ask the GM for one additional piece of good fortune alongside the mechanical effect — a timely distraction, a misfire, a lucky coincidence that helps your position.",edr,3
Magiczne Punkty Życia,Magic-fueled hit points,"Twoje Magiczne Punkty Życia odnawiają się w trakcie walki: na początku każdej rundy odzyskujesz 1 magiczny PW, aż do maksimum równego twojej Mocy. Gdy masz pełnię Magicznych Punktów Życia, twoje zaklęcia Czarnoksięstwa zadają +1 dodatkowych obrażeń.","Your magic-fueled HP regenerate during combat — you recover 1 magic HP at the start of each round, up to your Power score maximum. When your magic-fueled HP are at their maximum, your Wizardry spells deal +1 additional damage.",edr,3
Tarcza Umysłu,Mind Shield,"Twój umysł jest absolutną twierdzą. Jesteś odporny na wszelkie formy mentalnej ingerencji: jasnowidzenie, telepatię, opętanie i magiczny przymus każdego rodzaju. Gdy ktoś próbuje magicznie wpłynąć na twój umysł, natychmiast to wyczuwasz i znasz ogólny kierunek, z którego przyszła próba.","Your mind is an absolute fortress. You are immune to all forms of mental intrusion — scrying, telepathy, possession, and magical compulsion of any kind. When someone attempts to magically affect your mind, you immediately sense the attempt and know the general direction it came from.",edr,3
Oportunista,Opportunist,"Raz na rundę, ilekroć którykolwiek sojusznik zada obrażenia celowi, możesz natychmiast wykonać darmowy atak przeciw temu samemu celowi. Nie zużywa to twojej akcji; jest odruchowym ciosem mistrza taktyki czytającego przebieg bitwy.","Once per round, whenever any ally deals damage to a target, you may immediately make a free attack against that same target. This does not consume your action — it is the reflexive strike of a master tactician reading the flow of battle.",edr,3
Uspokojenie,Pacify,"Raz na sesję możesz Uspokoić jednocześnie cały tłum albo grupę, a nie tylko jedną istotę. Efekt trwa przez całą scenę. Istoty uspokojone na taką skalę mogą naprawdę przejąć się twoją sprawą, jeśli przemówisz do nich jasno, gdy pozostają spokojne.","Once per session, you can Pacify an entire crowd or group simultaneously — not just one creature. The effect lasts for a full scene. Creatures you Pacify at this scale may become genuinely sympathetic to your cause if you speak to them clearly while they are calm.",edr,3
Występ,Perform,"Jeden z twoich występów stał się legendarny w określonym regionie: samo twoje imię otwiera tam drzwi, zjednuje przysługi i budzi zaufanie bez żadnego rzutu. W nowych stronach jeden pamiętny występ wystarcza, by na stałe zbudować taką reputację. MG powinien śledzić, gdzie rozniosła się twoja legenda.","One of your performances has become legendary in a specific region — your name alone opens doors, earns favors, and creates trust there without any roll. In new regions, a single memorable performance establishes this reputation permanently. The GM should track where your legend has spread.",edr,3
Towarzysz Zwierzęcy,Pet,"Twoja więź z towarzyszem przekracza granice zwyczajności. Wybierz dla niego trzy z poniższych cech: może raz dziennie wypowiedzieć jedno zdanie w twoim języku; potrafi wykonać dowolne złożone zadanie bez instrukcji; jest odporny na strach i magiczne zauroczenie; wykrywa magiczne aury w promieniu 30 stóp; potrafi tropić każdy cel, który spotkał choć raz, bez względu na upływ czasu.",Your bond with your companion transcends the mundane. Choose three of the following traits for your companion: can speak one sentence per day in your language; can perform any complex task without instruction; is immune to fear and magical charm; can detect magical auras within 30 feet; can track any target it has met at least once regardless of time elapsed.,edr,3
Prestiż,Prestige,"Twoja reputacja jest tak potężna, że wrogowie mogą zrezygnować z ataku, by uniknąć rozgłosu. Raz na sesję możesz oznajmić grupie przeciwników swoje imię i czyny; mogą całkowicie odstąpić od walki, o ile nie stoi to w bezpośredniej sprzeczności z ich podstawowym celem albo rozkazami.","Your reputation is so formidable that enemies may choose not to attack you to avoid the notoriety. Once per session, declare your name and deeds to a group of enemies — they may stand down entirely without combat, if doing so doesn't directly contradict their core purpose or orders.",edr,3
Refleks,Reflexes,"Masz przewagę do wszystkich rzutów opartych na ZRĘ. Gdy dzięki zdolności z 2. poziomu działasz poza swoją kolejnością, możesz wykonać dwie akcje zamiast jednej. Automatycznie udaje ci się też uniknąć każdego zagrożenia środowiskowego, przed którym można uskoczyć samym refleksem, bez rzutu.","You have advantage on all DEX-based rolls. When you act out of turn via your Level 2 ability, you may take two actions instead of one. You also automatically succeed at dodging any environmental hazard that can be avoided with fast reaction — no roll required.",edr,3
Skalna Skóra,Rockskin,"Wartość Pancerza Skalnej Skóry wzrasta do 3. Jesteś odporny na trucizny podawane przez kontakt ze skórą lub drobne rany i nie działają na ciebie efekty krwawienia. Twoja skóra jest też dość twarda, by uszkadzać nieosłoniętą broń: Lekka broń uderzająca cię bezpośrednio dostaje uszczerbek, wedle uznania MG co do zniszczenia.",Your Rockskin Armor value increases to 3. You are immune to poison delivered through skin contact or small wounds and cannot be affected by bleeding effects. Your skin is hard enough to damage unprotected weapons — light weapons that strike you directly take a notch (GM's discretion on breakage).,edr,3
Wędrowiec,Rover,"Nie masz naturalnych drapieżników w dziczy. Zwierzęta nigdy nie zaatakują cię bez prowokacji. Potrafisz przetrwać bez końca w dowolnym naturalnym środowisku bez zapasów: zawsze znajdziesz wodę, schronienie i dość pożywienia bez względu na warunki.","You have no natural predators in the wilderness. Animals will not attack you unprovoked, ever. You can survive indefinitely in any natural environment without supplies — you always find water, shelter, and sufficient food regardless of conditions.",edr,3
Żeglarz,Sailor,"Każda jednostka, którą dowodzisz, działa na absolutnym szczycie możliwości. Raz na rejs automatycznie wychodzisz zwycięsko z dowolnego kryzysu nawigacyjnego, który inaczej zatopiłby statek: sztormu, rafy, potwora czy buntu, bez rzutu. Żeglarze pod twoją komendą nigdy się nie buntują i zniosą warunki, które złamałyby innych.","Any vessel you captain operates at its absolute peak. Once per voyage, you automatically succeed at any navigation crisis that would otherwise sink the ship — storm, reef, monster, mutiny — no roll required. Sailors serving under your command never mutiny; they will endure conditions that would break others.",edr,3
Saper,Sapper,"Twoje materiały wybuchowe są narzędziami precyzji. Potrafisz tworzyć ładunki kierunkowe niszczące konkretne elementy konstrukcyjne, takie jak ściany, drzwi czy fundamenty, bez szkodzenia sąsiednim obszarom ani ludziom. Raz na sesję możesz założyć katastrofalną pułapkę z opóźnieniem, która wywoła znaczącą i trwałą zmianę otoczenia, na przykład zawali tunel, zburzy wieżę albo zaleje komnatę.","Your explosives are precision instruments. You can create shaped charges that destroy specific structural targets — walls, doors, foundations — without harming adjacent areas or people. Once per session, you can set a catastrophic delayed trap that causes a significant and lasting environmental change: collapses a tunnel, brings down a tower, floods a room.",edr,3
Intrygant,Schemer,"Potrafisz wprawić intrygę w ruch tak, by rozwijała się tygodniami albo miesiącami bez twojej obecności. Raz na sesję możesz ogłosić, że plan przygotowany wcześniej właśnie przynosi owoce; MG musi wpleść do bieżącej sceny znaczący pozytywny efekt twoich dawnych przygotowań.","You can set a scheme in motion that plays out over weeks or months without you being present. Once per session, you can declare that a scheme you arranged earlier has come to fruition — the GM must incorporate a meaningful positive outcome from your prior planning into the current scene.",edr,3
Zwiadowca,Scout,"Żadne miejsce, które wcześniej rozpoznałeś, nie może cię już zaskoczyć. Gdy wykonasz zwiad obszaru i wrócisz, MG musi ujawnić wszystkie zagrożenia, pułapki i interesujące punkty tego miejsca; niczego nie zataja. Twoje raporty zwiadowcze są zawsze kompletne.","You cannot be surprised by any environment you have scouted. When you scout an area and return, the GM must reveal all threats, hazards, and points of interest in that area — nothing is withheld. Your scouting reports are always complete.",edr,3
Zmiana Kształtu,Shifting,"Możesz teraz przemieniać się w każde zwierzę, jakie kiedykolwiek spotkałeś, bez potrzeby kontaktu ani krwi. W zmienionej postaci zachowujesz wszystkie cechy mentalne, możesz normalnie mówić i używać każdej swojej niefizycznej zdolności. Powrót do własnej formy jest natychmiastowy i bezwysiłkowy.","You can now shift into any animal you have ever encountered, with no contact or blood required. While shifted, you retain all your mental stats, can speak normally, and may use any non-physical ability you possess. Shifting back is effortless and instantaneous.",edr,3
Potyczka,Skirmish,"Możesz w jednej płynnej akcji wchodzić i wychodzić z walki z dowolnym celem, bez żadnych konsekwencji. Gdy dzięki Potyczce zadasz obrażenia, wybierz dodatkowy efekt: cel upuszcza broń, kradniesz mu drobny przedmiot albo go Naznaczasz, a twój następny atak przeciw niemu ma przewagę.","You can engage and disengage with any target in a single fluid action with no consequences ever. When you deal damage with Skirmish, choose one additional effect: the target drops their weapon, you steal a small item from them, or you Mark them — your next attack against that target has advantage.",edr,3
Pogromca,Slay,"Łączna premia do obrażeń wręcz z Pogromcy wzrasta do +4. Raz na walkę, przed rzutem na atak, możesz zadeklarować Zabójczy Cios: jeśli trafisz, cel spada do 0 PW niezależnie od aktualnej liczby PW. Nie działa to na nazwanych, istotnych BN-ów ani przeciwników rangi bossa, chyba że MG uzna to za dramatycznie odpowiednie.","Your total melee damage bonus from Slay becomes +4. Once per combat, before rolling to attack, you may declare a Killing Blow — if you hit, the target is reduced to 0 HP regardless of their current HP total. This does not work on named, significant NPCs or boss-level creatures unless the GM deems it dramatically appropriate.",edr,3
Detektyw,Sleuth,"Raz na sesję, gdy zbierzesz dość informacji, możesz ogłosić Dedukcję: chwilę olśnienia, w której wykładasz dokładnie, co się wydarzyło albo co właśnie się dzieje. MG musi powiedzieć, czy twoja dedukcja jest poprawna, i uzupełnić prawdziwymi informacjami wszelkie luki, które pominąłeś.","Once per session, when you have gathered enough information, you can declare a Deduction — a moment of clarity where you lay out exactly what happened or is happening. The GM must tell you if your deduction is correct and must fill in any gaps you missed with true information.",edr,3
Czarodziejstwo,Sorcery,"Rzucając zaklęcia Czarodziejstwa, nie wyczerpujesz ich już; twoje mistrzostwo sprawia, że odnawiają się naturalnie. Raz dziennie możesz rzucić dwa zaklęcia Czarodziejstwa jednocześnie, łącząc ich efekty w jednej akcji.","You no longer expend Sorcery spells when you cast them — your mastery means they replenish naturally. Once per day, you can cast two Sorcery spells simultaneously, combining their effects into a single action.",edr,3
Strategia,Strategy,"Raz na walkę możesz zarządzić Taktyczną Pauzę, ogłaszając ustawienie albo sposób działania, który daje wszystkim sojusznikom +1 do wszystkich rzutów przez następną pełną rundę. Wystarczy do tego słowo albo gest; twoi sprzymierzeńcy są wyćwiczeni, by natychmiast rozpoznawać twoje sygnały.","Once per combat, you can call a Tactical Pause — declaring a formation or approach that grants all allies +1 to all rolls for the next full round. This requires only a word or gesture; your allies have trained to recognize your signals instantly.",edr,3
Przywołanie,Summon,"Nie potrzebujesz już żadnych zwykłych wymagań przyzywania: związany demon przybędzie na jedno wypowiedziane słowo, wszędzie i o każdej porze. Dodatkowo możesz teraz próbować związać demona, którego nigdy wcześniej nie spotkałeś, nawet w trakcie trwającego starcia, używając wyłącznie swojej MĄD i przewagi, jaką daje sytuacja.","You no longer need any of the standard summoning requirements — you can call a Bound demon with a single spoken word, anywhere, at any time. Additionally, you may now attempt to bind a demon you've never met before, during an active encounter, using only your WIS and whatever leverage the situation provides.",edr,3
Chirurg,Surgeon,"Twoje leczenie graniczy z cudem. Możesz przywrócić do życia zmarłą postać, jeśli minęła mniej niż godzina od jej śmierci, po dziesięciu minutach pracy i przy użyciu podstawowych narzędzi medycznych. Wraca z 1 PW i jedną trwałą blizną, którą opisuje MG. Każdą postać można w ten sposób ocalić tylko raz w życiu.","Your healing is miraculous. You can restore a dead character to life if they died within the last hour, given ten minutes of work and basic medical supplies. They return with 1 HP and one permanent scar — the GM describes it. This can be done once per character, ever.",edr,3
Utalentowany,Talented,"Wybierz jedną Umiejętność, której nie posiadasz; odtąd masz ją na stałe. Dodatkowo możesz używać improwizowanego sięgnięcia po cudzą Umiejętność dwa razy na sesję zamiast raz.","Choose one Skill you don't possess — you now have it permanently. Additionally, you can use your once-per-session improvised skill use twice per session instead of once.",edr,3
Majsterkowicz,Tinker,"Żaden zwykły zamek ani pułapka nie mogą cię zatrzymać: automatycznie rozbrajasz każde niemagiczne urządzenie mechaniczne. Przeciw magicznym zamkom i pułapkom wciąż rzucasz, ale masz przewagę. Potrafisz też zbudować doskonałą działającą kopię każdego mechanizmu, który wcześniej zbadałeś.","No mundane lock or trap can stop you — you automatically succeed at disabling any non-magical mechanical device. Against magical locks and traps, you still roll, but you have advantage. You can also build a perfect functional replica of any mechanism you have examined.",edr,3
Twardziel,Tough,"Zmniejszasz wszystkie otrzymywane obrażenia o 1, minimum do 0, po uwzględnieniu Pancerza. Twojej odporności na obrażenia używanej raz na walkę możesz teraz użyć dwa razy w każdej walce. W połączeniu z 1. poziomem Twardziel daje ci łącznie +2 Pancerza.","You reduce all incoming damage by 1 (minimum 0, applied after armor). Your once-per-combat damage immunity can now be used twice per combat. Combined with Level 1, you have +2 total armor from Tough alone.",edr,3
Tropiciel,Tracker,"Potrafisz tropić wszystko, nie tylko fizyczne istoty, ale też byty magiczne, duchy i źródła abstrakcyjne, takie jak: ""kto wysłał tę wiadomość"", ""skąd pochodzi ta klątwa"" albo ""cokolwiek przeszło tędy jako ostatnie"". Jeśli ślad istnieje w jakiejkolwiek formie, potrafisz za nim podążyć.","You can track anything — not just physical creatures, but magical entities, spirits, and abstract sources: ""whoever sent this message,"" ""the origin of this curse,"" ""whatever passed through here last."" If a trail exists in any form, you can follow it.",edr,3
Sztuczka,Trick,"Twoje sztuczki są tak złożone, że zamęt trwa przez całą scenę, a nie tylko chwilę. Raz na sesję możesz przeprowadzić Wielką Sztuczkę: oszustwo tak kompletne, że zmienia bieg całego spotkania, na przykład maskuje atak jako wypadek, skłóca wrogów między sobą albo tworzy dywersję trwającą dłużej niż twój bezpośredni udział.","Your tricks are so elaborate that the confusion lasts the full scene, not just a moment. Once per session, you can perform a Grand Trick — a deception so complete it changes the flow of an entire encounter: disguising an attack as an accident, making enemies fight each other, creating a distraction that persists beyond your direct involvement.",edr,3
Odpędzenie,Turn,"Mniejsi nieumarli, bezimienni i niebędący bossami, są od razu niszczeni, gdy ich odpędzasz, a nie tylko przeganiani. Na potężnych nieumarłych Odpędzenie działa jak nieustający ból: otrzymują 1k6 obrażeń za każdą rundę, w której pozostają w twojej pobliżu, a tych obrażeń nie zmniejsza żadna forma odporności nieumarłych.","Lesser undead (non-named, non-boss) are destroyed outright when you Turn them — not merely fled. Against powerful undead, Turn causes ongoing pain — they take d6 damage per round they remain near you, and the damage is not reduced by any form of undead resistance.",edr,3
Gwałtowność,Vehemence,"Twoje magiczne obrażenia ignorują 2 punkty magicznej odporności albo ochrony. Gdy zaklęcie wzmocnione Gwałtownością zada maksymalne obrażenia i uruchomi efekt odrzutu z 2. poziomu, odrzut obejmuje także wszystkie istoty sąsiadujące z głównym celem, bo czysta siła rozchodzi się na zewnątrz.","Your magical damage ignores 2 points of magical resistance or protection. When a Vehemence-enhanced spell deals maximum damage and triggers the knockback effect (Level 2), the knockback also affects any creature adjacent to the primary target — the raw force radiates outward.",edr,3
Wizja,Vision,"Twoja komunia z bóstwem stała się stała: to ciche, nieprzerwane połączenie. Raz na sesję twoje bóstwo może bezpośrednio interweniować w drobny, ale namacalny sposób, na przykład odchylić cios, zesłać nagłe natchnienie albo objawić fizyczny znak widoczny dla wszystkich obecnych. Formę wybiera MG, ale jej znaczenie powinno być jednoznaczne.","Your communion with your deity is continuous — a low, constant connection. Once per session, your deity may intervene directly in a small but tangible way: redirecting a blow, providing a sudden inspiration, or delivering a physical sign visible to everyone present. The GM decides the form, but it should be unambiguous.",edr,3
Salwa,Volley,"Możesz strzelać w środek walki wręcz bez ryzyka trafienia sojuszników; twoja precyzja jest absolutna. Twoje ataki dystansowe są tak kontrolowane, że dokładnie wybierasz, gdzie ląduje każdy pocisk. Raz na walkę możesz jednocześnie ostrzelać trzy różne cele, rzucając na obrażenia osobno dla każdego.","You can fire into melee without any risk of hitting allies — your precision is absolute. Your ranged attacks are so controlled that you choose exactly where each shot lands. Once per combat, you can fire at three different targets simultaneously, rolling damage separately for each.",edr,3
Ochronne Pieczęcie,Warded,"Twoje pieczęcie są teraz trwałe i pasywne: zawsze masz +1 Pancerza, nawet gdy nie używasz magii. Ochrona, którą dzielisz z sojusznikami dzięki 2. poziomowi, trwa teraz przez całą scenę zamiast tylko do twojej następnej tury.",Your wards are now permanent and passive — you always have +1 armor even when not using magic. The ward you share with allies (Level 2) now lasts for the full scene instead of until your next turn.,edr,3
Dziki Zew,Wild,"Możesz próbować rozkazywać każdej istocie, nie tylko zwierzętom, ale też potworom, bytom przyzwanym i magicznym bestiom. Naprawdę inteligentne stworzenia bronią się MĄD, ale sama próba zawsze jest możliwa. Zwierzęta, którym kiedyś rozkazywałeś, będą cię ponownie szukać, jeśli tylko okoliczności na to pozwolą; twoja więź z naturą jest absolutna.","You can attempt to command any creature — not just animals, but monsters, summoned entities, and magical beasts. Truly intelligent creatures resist with WIS, but the attempt is always valid. Animals you've previously commanded will seek you out again if circumstances allow — your bond with the natural world is absolute.",edr,3
Czarnoksięstwo,Wizardry,"Przy Częściowych sukcesach nie ryzykujesz już wystawienia na Osnowę; tylko Pudło naraża cię na jej wpływ. Maksymalna wartość twojej Mocy wzrasta na stałe o +3. Gdy wyrzucisz Krytyczny sukces, odzyskujesz 2 punkty Mocy zamiast 1.","You no longer risk Warp exposure on Partial Successes — only a Miss exposes you to the Warp. Your Power score maximum increases by +3 permanently. When you roll a Critical Success, recover 2 Power instead of 1.",edr,3
Co To Było?,WTF?,"Twój chaos jest filozofią, a nie tylko taktyką. Raz na sesję możesz oznajmić, że bieżąca sytuacja ""nie ma sensu"", a MG musi wprowadzić jeden naprawdę nieoczekiwany element, który zaburzy scenę na twoją korzyść. Wrogowie nigdy nie są w stanie w pełni przewidzieć twojego zachowania; nawet ci, którzy dobrze cię znają, zawsze traktują cię jak niewiadomą.","Your chaos is a philosophy, not just a tactic. Once per session, you can declare that the current situation ""doesn't make sense"" — and the GM must introduce one genuinely unexpected element that disrupts the scene in your favor. Your enemies can never fully model your behavior; even those who know you well always treat you as an unknown quantity.",edr,3
